index,Happiness Rank,Happiness Score,Standard Error,Economy (GDP per Capita),Family,Health (Life Expectancy),Freedom,Trust (Government Corruption),Generosity,Dystopia Residual
count,158.0,158.0,158.0,158.0,158.0,158.0,158.0,158.0,158.0,158.0
mean,79.49367088607595,5.375734177215189,0.04788474683544304,0.8461372151898735,0.9910459493670887,0.6302593670886076,0.42861493670886075,0.14342183544303796,0.2372955063291139,2.098976772151899
std,45.75436310480852,1.1450101349520665,0.017146178556969306,0.40312077853791,0.27236908600791543,0.24707776630217207,0.15069278393767793,0.12003407357455917,0.12668493402020534,0.5535497923037984
min,1.0,2.839,0.01848,0.0,0.0,0.0,0.0,0.0,0.0,0.32858
25%,40.25,4.526,0.0372675,0.5458075,0.8568225,0.439185,0.32833,0.061675,0.1505525,1.75941
50%,79.5,5.2325,0.04394,0.910245,1.02951,0.6967049999999999,0.435515,0.10722000000000001,0.21613,2.095415
75%,118.75,6.24375,0.0523,1.1584475,1.214405,0.8110125,0.5490925,0.180255,0.3098825,2.462415
max,158.0,7.587,0.13693,1.69042,1.40223,1.02525,0.66973,0.55191,0.79588,3.60214
